LPs,F1-OCEL,RT-OCEL,Solution-OCEL,F1-CELOE,RT-CELOE,Solution-CELOE,F1-Evo,RT-Evo,Solution-Evo,F1-DRILL,RT-DRILL,Solution-DRILL,F1-TDL,RT-TDL,Solution-TDL
LP-1_thr-2.0,0.6666666666666666,13.422336101531982,⊤,0.6666666666666666,14.758809089660645,⊤,0.6666666666666666,39.12968063354492,Movie ⊔ Movie,0.0,-1.0,FAIL,1.0,0.3671081066131592,∃ hasRatingValue.{2.0}
LP-2_thr-1.9,0.6666666666666666,28.24566149711609,⊤,0.6666666666666666,12.717910051345825,⊤,0.6666666666666666,42.048431634902954,Movie ⊔ Genre,0.6666666666666666,7.655631065368652,⊤,1.0,0.3649008274078369,∃ hasRatingValue.{1.9}
LP-3_thr-1.8,0.6666666666666666,21.069937467575073,⊤,0.6666666666666666,9.479450941085815,⊤,0.6666666666666666,28.221065282821655,Movie ⊔ ⊤,0.6666666666666666,3.0421557426452637,⊤,1.0,0.35696959495544434,∃ hasRatingValue.{1.8}
LP-4_thr-1.7,0.6666666666666666,20.496175527572632,⊤,0.6666666666666666,3.9539618492126465,⊤,0.6666666666666666,31.195181608200073,¬⊥,0.6666666666666666,3.3545989990234375,⊤,1.0,0.3694882392883301,∃ hasRatingValue.{1.7}
LP-5_thr-1.6,0.6666666666666666,12.608670234680176,⊤,0.6666666666666666,5.971179962158203,⊤,0.6666666666666666,31.890791177749634,Movie ⊔ Genre,0.6666666666666666,3.375697135925293,⊤,1.0,0.36336660385131836,∃ hasRatingValue.{1.6}
LP-6_thr-1.5,0.6666666666666666,18.81357192993164,⊤,0.6666666666666666,3.7851722240448,⊤,0.6666666666666666,22.808645725250244,Movie ⊔ Movie,0.6666666666666666,3.3802008628845215,⊤,1.0,0.3610351085662842,∃ hasRatingValue.{1.5}
LP-7_thr-1.4,0.6666666666666666,16.37096881866455,⊤,0.6666666666666666,3.6565964221954346,⊤,0.6666666666666666,23.04328727722168,Movie ⊔ Movie,0.6666666666666666,3.0075902938842773,⊤,1.0,0.3591642379760742,(∃ hasRatingValue.{1.4}) ⊔ ((¬(∃ hasRatingValue.{1.4})) ⊓ (∃ hasRatingValue.{1.5}))
LP-8_thr-1.3,0.6666666666666666,8.444066286087036,⊤,0.6666666666666666,3.834923505783081,⊤,0.6666666666666666,27.757163524627686,¬Rating,0.6666666666666666,3.328411340713501,⊤,1.0,0.40415048599243164,((¬(∃ hasRatingValue.{1.3})) ⊓ (∃ hasRatingValue.{1.4})) ⊔ (∃ hasRatingValue.{1.3})
LP-9_thr-1.2,0.6666666666666666,7.535097122192383,⊤,0.6666666666666666,3.6886355876922607,⊤,0.6666666666666666,25.72606921195984,Movie ⊔ Movie,0.6666666666666666,3.07137131690979,⊤,1.0,0.36216044425964355,(¬(∃ hasRatingValue.{1.0})) ⊓ (¬(∃ hasRatingValue.{1.1}))
